Username,Followers,Confidence,Score_tag,Agreement,Subjectivity,Irony,Tweet
TypeScriptConf,1535,100,NONE,AGREEMENT,OBJECTIVE,NONIRONIC,
Imjaee__,1119,100,NONE,AGREEMENT,OBJECTIVE,NONIRONIC,
AmbreLovee,271,100,NONE,AGREEMENT,OBJECTIVE,NONIRONIC,
MovementSixth,0,100,NONE,AGREEMENT,OBJECTIVE,NONIRONIC,
NChammakhi,103,100,NONE,AGREEMENT,SUBJECTIVE,NONIRONIC,
JWN9871,506,100,P+,AGREEMENT,SUBJECTIVE,NONIRONIC,
JWN9871,506,100,N,AGREEMENT,OBJECTIVE,NONIRONIC,
kailav12,514,100,P,AGREEMENT,SUBJECTIVE,NONIRONIC,
M157q_News_RSS,699,100,NONE,AGREEMENT,OBJECTIVE,NONIRONIC,
RyanRdz_24,905,100,NONE,AGREEMENT,OBJECTIVE,NONIRONIC,
beatrizparga,4179,100,NONE,AGREEMENT,OBJECTIVE,NONIRONIC,
JoeKey97,2003,100,P,AGREEMENT,SUBJECTIVE,NONIRONIC,
justinesherry,5265,100,NONE,AGREEMENT,OBJECTIVE,NONIRONIC,
julesworksfilms,897,100,P,AGREEMENT,SUBJECTIVE,NONIRONIC,
JackieBlue4u,1410,100,P+,AGREEMENT,SUBJECTIVE,NONIRONIC,
Fredzilla6,46,100,P+,AGREEMENT,OBJECTIVE,NONIRONIC,
e_mi_o_la,322,100,P,AGREEMENT,SUBJECTIVE,NONIRONIC,
WilliamBicaku4,1,100,N,AGREEMENT,OBJECTIVE,NONIRONIC,
TCIsBestPony,428,100,NONE,AGREEMENT,OBJECTIVE,NONIRONIC,
MissLexisaurus,2103,89,N,AGREEMENT,OBJECTIVE,NONIRONIC,
jliamk,152,92,N+,AGREEMENT,SUBJECTIVE,NONIRONIC,
Le_Basique,70,94,N,DISAGREEMENT,SUBJECTIVE,NONIRONIC,
lovetk_ohh,2734,100,NONE,AGREEMENT,OBJECTIVE,NONIRONIC,
EFFFalcon,1526,100,NONE,AGREEMENT,OBJECTIVE,NONIRONIC,
tamiaaarc,1007,100,NONE,AGREEMENT,OBJECTIVE,NONIRONIC,
relmuteri,98,100,NONE,AGREEMENT,OBJECTIVE,NONIRONIC,
netflixpercyj,70,100,N,AGREEMENT,OBJECTIVE,NONIRONIC,
LiamLittle97,686,94,P,DISAGREEMENT,SUBJECTIVE,NONIRONIC,
ComitatusPosse,8,94,N,DISAGREEMENT,SUBJECTIVE,NONIRONIC,
We_Are_SSD,416,100,NONE,AGREEMENT,OBJECTIVE,NONIRONIC,
dwightrmiller,625,100,P+,AGREEMENT,OBJECTIVE,NONIRONIC,
uItmarkson,20882,100,N,AGREEMENT,OBJECTIVE,NONIRONIC,
CaroJohns84,53,100,N,AGREEMENT,SUBJECTIVE,NONIRONIC,
ComitatusPosse,8,94,N,DISAGREEMENT,SUBJECTIVE,NONIRONIC,
MaraKoolz,18,94,NEU,DISAGREEMENT,SUBJECTIVE,NONIRONIC,
Yuggiio,5419,100,NONE,AGREEMENT,OBJECTIVE,NONIRONIC,
DRHCRUISES,201,100,N,AGREEMENT,OBJECTIVE,NONIRONIC,
ComitatusPosse,8,94,N,DISAGREEMENT,SUBJECTIVE,NONIRONIC,
ThomasbrOConnel,324,97,P,AGREEMENT,OBJECTIVE,NONIRONIC,
manstevo_13,6518,100,NONE,AGREEMENT,OBJECTIVE,NONIRONIC,
SHIELD221287,196,100,NONE,AGREEMENT,OBJECTIVE,NONIRONIC,
miniespeaches,269,100,NONE,AGREEMENT,OBJECTIVE,NONIRONIC,
MightBeReggie,2511,100,N+,AGREEMENT,OBJECTIVE,NONIRONIC,
afewpiecesofme,516,100,P,AGREEMENT,SUBJECTIVE,NONIRONIC,
JericLoz,12,100,P,AGREEMENT,OBJECTIVE,NONIRONIC,
ChrisManley2019,66,100,NONE,AGREEMENT,OBJECTIVE,NONIRONIC,
ComitatusPosse,8,94,N,DISAGREEMENT,SUBJECTIVE,NONIRONIC,
smghishh,6,98,P,AGREEMENT,SUBJECTIVE,NONIRONIC,
henrique20065,19,100,P,AGREEMENT,SUBJECTIVE,NONIRONIC,
Oilfarr,41,100,NONE,AGREEMENT,OBJECTIVE,NONIRONIC,
aijahh3,3,100,NONE,AGREEMENT,OBJECTIVE,NONIRONIC,
MattBobRoss,1183,100,NONE,AGREEMENT,OBJECTIVE,NONIRONIC,
sailorklyntar,200,86,P,DISAGREEMENT,SUBJECTIVE,NONIRONIC,
89AlexM13,63,100,NONE,AGREEMENT,OBJECTIVE,NONIRONIC,
Luke_and_Beyond,352,100,P,AGREEMENT,SUBJECTIVE,NONIRONIC,
Ms_Xtina,3103,97,P,AGREEMENT,OBJECTIVE,NONIRONIC,
phzinhocs,1,92,N,AGREEMENT,SUBJECTIVE,NONIRONIC,
alssjaqn,348,100,NONE,AGREEMENT,OBJECTIVE,NONIRONIC,
jolann_,3,100,N,AGREEMENT,SUBJECTIVE,NONIRONIC,
boliver36,549,100,NONE,AGREEMENT,SUBJECTIVE,NONIRONIC,
HollRebecca,621,100,N+,AGREEMENT,SUBJECTIVE,NONIRONIC,
xoxoshaikha,42,94,NEU,DISAGREEMENT,SUBJECTIVE,NONIRONIC,
Luke_and_Beyond,352,100,P,AGREEMENT,SUBJECTIVE,NONIRONIC,
bethanyyy_03,14,94,NEU,DISAGREEMENT,OBJECTIVE,NONIRONIC,
DorianParksnRec,17840,100,P,AGREEMENT,SUBJECTIVE,NONIRONIC,
andydouglas1967,51,100,P,AGREEMENT,SUBJECTIVE,NONIRONIC,
AdamLofreso,591,100,NONE,AGREEMENT,OBJECTIVE,NONIRONIC,
jcovibe,199,100,NONE,AGREEMENT,OBJECTIVE,NONIRONIC,
gnocchi_mane,6517,100,NONE,AGREEMENT,OBJECTIVE,NONIRONIC,
suboceanic,1972,100,NONE,AGREEMENT,OBJECTIVE,NONIRONIC,
hollyylouvieree,897,100,P+,AGREEMENT,OBJECTIVE,NONIRONIC,
kylevhky,490,100,P,AGREEMENT,SUBJECTIVE,NONIRONIC,
jimmythemvp,10,94,P+,DISAGREEMENT,OBJECTIVE,NONIRONIC,
DougieDoee,1810,100,N+,AGREEMENT,OBJECTIVE,NONIRONIC,
garretro,22,100,NONE,AGREEMENT,OBJECTIVE,NONIRONIC,
TanYahAnnYah,376,100,NONE,AGREEMENT,OBJECTIVE,NONIRONIC,
LycoApollo,267,100,P+,AGREEMENT,SUBJECTIVE,NONIRONIC,
StanCampbell3,151,100,P,AGREEMENT,OBJECTIVE,NONIRONIC,
ryanshatetweets,66,100,N+,AGREEMENT,SUBJECTIVE,NONIRONIC,
ComitatusPosse,8,94,N,DISAGREEMENT,SUBJECTIVE,NONIRONIC,
nalanyx,5445,92,P+,AGREEMENT,SUBJECTIVE,NONIRONIC,
mionemedia,932,94,NEU,DISAGREEMENT,SUBJECTIVE,NONIRONIC,
nicoduretour,8681,100,P,AGREEMENT,OBJECTIVE,NONIRONIC,
ComitatusPosse,8,94,N,DISAGREEMENT,SUBJECTIVE,NONIRONIC,
potesituation,399,100,N,AGREEMENT,OBJECTIVE,NONIRONIC,
FilmFanSite_com,351,100,NONE,AGREEMENT,OBJECTIVE,NONIRONIC,
BadarAbbas,949,92,N,DISAGREEMENT,SUBJECTIVE,NONIRONIC,
ComitatusPosse,8,94,N,DISAGREEMENT,SUBJECTIVE,NONIRONIC,
adonis_reyess,196,94,NEU,DISAGREEMENT,SUBJECTIVE,NONIRONIC,
AmFmJen,579,94,NEU,DISAGREEMENT,OBJECTIVE,NONIRONIC,
hackernews100,585,100,NONE,AGREEMENT,OBJECTIVE,NONIRONIC,
ALSATIANS,61,100,P,AGREEMENT,OBJECTIVE,NONIRONIC,
pckrunnr,275,100,N,AGREEMENT,OBJECTIVE,NONIRONIC,
2jayzgte,399,86,N,DISAGREEMENT,SUBJECTIVE,NONIRONIC,
Daniellep614,7,100,P,AGREEMENT,SUBJECTIVE,NONIRONIC,
ComitatusPosse,8,94,N,DISAGREEMENT,SUBJECTIVE,NONIRONIC,
itsdaarlenex,340,100,N,AGREEMENT,SUBJECTIVE,NONIRONIC,
KatelynBruzzi,855,100,NONE,AGREEMENT,OBJECTIVE,NONIRONIC,
Freetheblizz,509,94,N,DISAGREEMENT,SUBJECTIVE,NONIRONIC,
VickyBennett,241,100,P+,AGREEMENT,SUBJECTIVE,NONIRONIC,
lovecristinee,220,100,NONE,AGREEMENT,OBJECTIVE,NONIRONIC,
Rtreatwilliams,19253,100,P,AGREEMENT,OBJECTIVE,NONIRONIC,
chrisbikergeek1,1,100,P+,AGREEMENT,SUBJECTIVE,NONIRONIC,
Gabdate,620,94,NEU,DISAGREEMENT,SUBJECTIVE,NONIRONIC,
tamilthimir,718,100,N,AGREEMENT,SUBJECTIVE,NONIRONIC,
dolarhyde_uc,933,94,NEU,DISAGREEMENT,SUBJECTIVE,NONIRONIC,
josestreamm,775,100,N+,AGREEMENT,SUBJECTIVE,NONIRONIC,
JavierDFW,129,100,P,AGREEMENT,OBJECTIVE,NONIRONIC,
ComitatusPosse,8,94,N,DISAGREEMENT,SUBJECTIVE,NONIRONIC,
Selfcar56143579,0,100,NONE,AGREEMENT,OBJECTIVE,NONIRONIC,
bornflawless,3607,100,NONE,AGREEMENT,SUBJECTIVE,NONIRONIC,
omohteee12,46942,100,NONE,AGREEMENT,OBJECTIVE,NONIRONIC,
starlightarix,5451,100,P,AGREEMENT,SUBJECTIVE,NONIRONIC,
ComitatusPosse,8,94,N,DISAGREEMENT,SUBJECTIVE,NONIRONIC,
IDontKnowRich,759,98,P+,AGREEMENT,SUBJECTIVE,NONIRONIC,
phronk,2474,100,NONE,AGREEMENT,SUBJECTIVE,NONIRONIC,
Domenicodmare97,1014,100,P,AGREEMENT,OBJECTIVE,NONIRONIC,
jordylapsley,406,92,P+,AGREEMENT,SUBJECTIVE,NONIRONIC,
ngeltears,1783,92,N,DISAGREEMENT,SUBJECTIVE,NONIRONIC,
pinajuan18,439,100,N+,AGREEMENT,SUBJECTIVE,NONIRONIC,
MovementSixth,0,100,P,AGREEMENT,OBJECTIVE,NONIRONIC,
afrociza,84,100,P,AGREEMENT,SUBJECTIVE,NONIRONIC,
Ayetty_Labake,51,97,P,AGREEMENT,SUBJECTIVE,NONIRONIC,
ComitatusPosse,8,94,N,DISAGREEMENT,SUBJECTIVE,NONIRONIC,
maria31653517,7,86,P,DISAGREEMENT,OBJECTIVE,NONIRONIC,
Zarin_Maliha_,5965,100,P+,AGREEMENT,SUBJECTIVE,NONIRONIC,
caspercdn,35,98,N,AGREEMENT,OBJECTIVE,NONIRONIC,
JJREILLY3,1007,100,NONE,AGREEMENT,OBJECTIVE,NONIRONIC,
Netflix_Updates,971,100,NONE,AGREEMENT,OBJECTIVE,NONIRONIC,
ComitatusPosse,8,94,N,DISAGREEMENT,SUBJECTIVE,NONIRONIC,
minimoysk,410,100,NONE,AGREEMENT,OBJECTIVE,NONIRONIC,
daarkthrone,1260,100,P,AGREEMENT,SUBJECTIVE,NONIRONIC,
starksmagnetos,446,100,P+,AGREEMENT,SUBJECTIVE,NONIRONIC,
freshsubomi,756,100,P,AGREEMENT,SUBJECTIVE,NONIRONIC,
ComitatusPosse,8,94,N,DISAGREEMENT,SUBJECTIVE,NONIRONIC,
FeedTheHoss,98,86,N,DISAGREEMENT,SUBJECTIVE,NONIRONIC,
simply__ashlee,778,100,P,AGREEMENT,SUBJECTIVE,NONIRONIC,
Naomi_Lauture,46,100,NONE,AGREEMENT,OBJECTIVE,NONIRONIC,
okbelli,267,100,P,AGREEMENT,OBJECTIVE,NONIRONIC,
sameershah2000,82,100,N,AGREEMENT,SUBJECTIVE,NONIRONIC,
samanthabisogno,569,100,N,AGREEMENT,SUBJECTIVE,NONIRONIC,
SincerleyParis,638,100,P,AGREEMENT,OBJECTIVE,NONIRONIC,
CandiceAiston,12801,100,P,AGREEMENT,OBJECTIVE,NONIRONIC,
MrJay152,554,92,N,AGREEMENT,SUBJECTIVE,NONIRONIC,
slugcities,4684,100,P+,AGREEMENT,SUBJECTIVE,NONIRONIC,
hale_maker,2046,100,NONE,AGREEMENT,OBJECTIVE,NONIRONIC,
iancourtracing,467,100,P+,AGREEMENT,OBJECTIVE,NONIRONIC,
reed10_barrter,2,94,P,DISAGREEMENT,OBJECTIVE,NONIRONIC,
mainarahal,85,100,NONE,AGREEMENT,OBJECTIVE,NONIRONIC,
FrankieTease,2492,97,N,AGREEMENT,OBJECTIVE,NONIRONIC,
ComitatusPosse,8,94,N,DISAGREEMENT,SUBJECTIVE,NONIRONIC,
MovieGeekFeed,715,100,NONE,AGREEMENT,OBJECTIVE,NONIRONIC,
megaa_117,292,100,N,AGREEMENT,SUBJECTIVE,NONIRONIC,
jaemsspinach,51,100,N+,AGREEMENT,SUBJECTIVE,NONIRONIC,
pudgedyfudgedy,372,94,NEU,DISAGREEMENT,SUBJECTIVE,NONIRONIC,
Ayem0,2563,97,P+,AGREEMENT,OBJECTIVE,NONIRONIC,
ChasingSpacey,546,100,P,AGREEMENT,SUBJECTIVE,NONIRONIC,
MrsFridayNext,19589,100,N,AGREEMENT,SUBJECTIVE,NONIRONIC,
DorianParksnRec,17840,100,P,AGREEMENT,SUBJECTIVE,NONIRONIC,
ComitatusPosse,8,94,N,DISAGREEMENT,SUBJECTIVE,NONIRONIC,
hussssiiii,384,100,NONE,AGREEMENT,OBJECTIVE,NONIRONIC,
AdamWebb1994,102,100,NONE,AGREEMENT,OBJECTIVE,NONIRONIC,
julesbbyx,16,100,N,AGREEMENT,OBJECTIVE,NONIRONIC,
kaseeuh,1749,100,P,AGREEMENT,OBJECTIVE,NONIRONIC,
ComitatusPosse,8,94,N,DISAGREEMENT,SUBJECTIVE,NONIRONIC,
HendersonEsque,3523,100,N,AGREEMENT,OBJECTIVE,NONIRONIC,
jimmythemvp,10,100,NONE,AGREEMENT,OBJECTIVE,NONIRONIC,
Movie_Geek_Feed,368,100,NONE,AGREEMENT,OBJECTIVE,NONIRONIC,
sis_soc,205,100,N,AGREEMENT,SUBJECTIVE,NONIRONIC,
SimeonKimberley,158,100,N,AGREEMENT,OBJECTIVE,NONIRONIC,
yeahmateitsme,34,100,N,AGREEMENT,SUBJECTIVE,NONIRONIC,
AnnDmakeup,131,94,P+,DISAGREEMENT,SUBJECTIVE,NONIRONIC,
guiguckert,1153,100,P,AGREEMENT,SUBJECTIVE,NONIRONIC,
jontait42,1162,100,P,AGREEMENT,OBJECTIVE,NONIRONIC,
JellyTBeagle,280,94,NEU,DISAGREEMENT,OBJECTIVE,NONIRONIC,
iamStrip,2162,100,N+,AGREEMENT,OBJECTIVE,NONIRONIC,
twickme222,7,100,P,AGREEMENT,OBJECTIVE,NONIRONIC,
RoTreg,392,100,NONE,AGREEMENT,OBJECTIVE,NONIRONIC,
boogiewitstu,94,100,P,AGREEMENT,SUBJECTIVE,NONIRONIC,
GunPussyOnTheTL,204,100,P,AGREEMENT,SUBJECTIVE,NONIRONIC,
becky_griffith,215,100,P,AGREEMENT,SUBJECTIVE,NONIRONIC,
neorvng,15888,100,NONE,AGREEMENT,OBJECTIVE,NONIRONIC,
okaywowstop,551,97,P,AGREEMENT,OBJECTIVE,NONIRONIC,
lesegokgaladi,831,100,NONE,AGREEMENT,OBJECTIVE,NONIRONIC,
tdclancy,460,100,NONE,AGREEMENT,OBJECTIVE,NONIRONIC,
HurriCap,5743,100,P,AGREEMENT,SUBJECTIVE,NONIRONIC,
Imnotfromsparks,136,98,P+,AGREEMENT,SUBJECTIVE,NONIRONIC,
okbelli,267,100,P,AGREEMENT,OBJECTIVE,NONIRONIC,
__kingnetta,5041,100,NONE,AGREEMENT,OBJECTIVE,NONIRONIC,
imaginationkim,66,94,P,DISAGREEMENT,OBJECTIVE,NONIRONIC,
MalaciaJenkins,10,94,P,DISAGREEMENT,SUBJECTIVE,NONIRONIC,
kblitte,3133,100,N,AGREEMENT,OBJECTIVE,NONIRONIC,
ironclad1609,165,100,P,AGREEMENT,SUBJECTIVE,NONIRONIC,
natjarv,6266,100,P,AGREEMENT,OBJECTIVE,NONIRONIC,
DustyFnMac,39,100,NONE,AGREEMENT,OBJECTIVE,NONIRONIC,
drysink,145,98,P+,AGREEMENT,SUBJECTIVE,NONIRONIC,
aavalil,93,100,NONE,AGREEMENT,OBJECTIVE,NONIRONIC,
FarpointCon,1396,94,NEU,DISAGREEMENT,SUBJECTIVE,NONIRONIC,
huesiemama,1141,100,P,AGREEMENT,OBJECTIVE,NONIRONIC,
ChrisTheGreat02,3028,100,N,AGREEMENT,OBJECTIVE,NONIRONIC,
ComitatusPosse,8,94,N,DISAGREEMENT,SUBJECTIVE,NONIRONIC,
krysta_everett,44,100,N,AGREEMENT,SUBJECTIVE,NONIRONIC,
ComitatusPosse,8,94,N,DISAGREEMENT,SUBJECTIVE,NONIRONIC,
itsmeyuana,3675,100,N,AGREEMENT,SUBJECTIVE,NONIRONIC,
All4Spite,449,94,N,DISAGREEMENT,OBJECTIVE,NONIRONIC,
samanthabisogno,569,100,N+,AGREEMENT,OBJECTIVE,NONIRONIC,
Spoileerr,31,100,NONE,AGREEMENT,OBJECTIVE,NONIRONIC,
ChrisChambie,69,100,NONE,AGREEMENT,OBJECTIVE,NONIRONIC,
alaaalshealla,578,100,P,AGREEMENT,SUBJECTIVE,NONIRONIC,
juany7988,69,100,NONE,AGREEMENT,OBJECTIVE,NONIRONIC,
ComitatusPosse,8,94,N,DISAGREEMENT,SUBJECTIVE,NONIRONIC,
vdizzleswizzle,215,100,P,AGREEMENT,OBJECTIVE,NONIRONIC,
krysta_everett,44,100,NONE,AGREEMENT,OBJECTIVE,NONIRONIC,
Commited4life,18,100,P,AGREEMENT,OBJECTIVE,NONIRONIC,
henryjdavies,766,100,P,AGREEMENT,SUBJECTIVE,NONIRONIC,
faith_zoe_,264,100,P,AGREEMENT,OBJECTIVE,NONIRONIC,
ShyDroid,263,100,NONE,AGREEMENT,OBJECTIVE,NONIRONIC,
TechEdgeTrades,32,92,P,AGREEMENT,SUBJECTIVE,NONIRONIC,
_sannak_,374,100,P+,AGREEMENT,SUBJECTIVE,NONIRONIC,
ChrisLyons3,787,100,P,AGREEMENT,OBJECTIVE,NONIRONIC,
Sarahbcfc11,203,100,NONE,AGREEMENT,OBJECTIVE,NONIRONIC,
_elenarachelle,42,100,NONE,AGREEMENT,OBJECTIVE,NONIRONIC,
alllshawnlove,4374,100,NONE,AGREEMENT,OBJECTIVE,NONIRONIC,
arlaadi,279,92,N,DISAGREEMENT,SUBJECTIVE,NONIRONIC,
lotusslustre,19,100,NONE,AGREEMENT,OBJECTIVE,NONIRONIC,
flame_monroe,177,100,NONE,AGREEMENT,OBJECTIVE,NONIRONIC,
LocsiLovee,1219,100,P+,AGREEMENT,SUBJECTIVE,NONIRONIC,
thatschriss_,1720,100,NONE,AGREEMENT,OBJECTIVE,NONIRONIC,
faith_by_five,85,100,NONE,AGREEMENT,OBJECTIVE,NONIRONIC,
TheAtomRay,1413,100,P,AGREEMENT,OBJECTIVE,NONIRONIC,
Paynetedplastic,150,90,P+,AGREEMENT,SUBJECTIVE,IRONIC,
le_pinguas,228,100,P,AGREEMENT,SUBJECTIVE,NONIRONIC,
iammood_e,131,100,N+,AGREEMENT,OBJECTIVE,NONIRONIC,
threepwood82,187,97,P,AGREEMENT,SUBJECTIVE,NONIRONIC,
dgaalaas,93,100,P,AGREEMENT,OBJECTIVE,NONIRONIC,
Valentain_Per,89,100,N,AGREEMENT,SUBJECTIVE,NONIRONIC,
DamonMartin,33056,100,N,AGREEMENT,OBJECTIVE,NONIRONIC,
MillieCordelia,976,100,N,AGREEMENT,OBJECTIVE,NONIRONIC,
GlitchedAfrica,12322,100,NONE,AGREEMENT,OBJECTIVE,NONIRONIC,
TheRepProject,13591,94,P,DISAGREEMENT,SUBJECTIVE,NONIRONIC,
All4Spite,449,94,N,DISAGREEMENT,OBJECTIVE,NONIRONIC,
NelsonAvelino,16,100,NONE,AGREEMENT,OBJECTIVE,NONIRONIC,
ThomasMcEvoy,2283,100,NONE,AGREEMENT,OBJECTIVE,NONIRONIC,
vminT_____T,6616,100,N,AGREEMENT,SUBJECTIVE,NONIRONIC,
smythojs,3944,94,NEU,DISAGREEMENT,SUBJECTIVE,NONIRONIC,
LennyAlex7,10,100,NONE,AGREEMENT,OBJECTIVE,NONIRONIC,
melissaroylance,2827,100,N+,AGREEMENT,SUBJECTIVE,NONIRONIC,
AuthorCourtneyM,28,98,P,AGREEMENT,OBJECTIVE,NONIRONIC,
Alexandermoss00,2,100,P+,AGREEMENT,SUBJECTIVE,NONIRONIC,
123movies10,77,100,P,AGREEMENT,SUBJECTIVE,NONIRONIC,
fallen_Catholic,1640,100,NONE,AGREEMENT,OBJECTIVE,NONIRONIC,
angelicasp22,38,100,NONE,AGREEMENT,OBJECTIVE,NONIRONIC,
gnglia,392,100,N,AGREEMENT,SUBJECTIVE,NONIRONIC,
whooUlooking4,573,100,N+,AGREEMENT,OBJECTIVE,NONIRONIC,
Khan25_,277,100,N,AGREEMENT,SUBJECTIVE,NONIRONIC,
phzinhocs,1,100,NONE,AGREEMENT,OBJECTIVE,NONIRONIC,
cloudwards,484,100,N,AGREEMENT,OBJECTIVE,NONIRONIC,
artbydk,35,100,NONE,AGREEMENT,OBJECTIVE,NONIRONIC,
ComitatusPosse,8,94,N,DISAGREEMENT,SUBJECTIVE,NONIRONIC,
NewOnNetflixANZ,655,100,NONE,AGREEMENT,OBJECTIVE,NONIRONIC,
KayLove_4Life,257,100,N+,AGREEMENT,SUBJECTIVE,NONIRONIC,
fighterjetsband,2176,100,P,AGREEMENT,SUBJECTIVE,NONIRONIC,
ManiacMac20,373,94,NEU,DISAGREEMENT,SUBJECTIVE,NONIRONIC,
ChaosMode,73,100,P,AGREEMENT,OBJECTIVE,NONIRONIC,
ggizeem,239,100,NONE,AGREEMENT,OBJECTIVE,NONIRONIC,
ComitatusPosse,8,94,N,DISAGREEMENT,SUBJECTIVE,NONIRONIC,
RenegadePlayboy,7794,86,N,DISAGREEMENT,SUBJECTIVE,NONIRONIC,
akstanwyck,69334,100,P,AGREEMENT,SUBJECTIVE,NONIRONIC,
ASejona,52,100,N,AGREEMENT,SUBJECTIVE,NONIRONIC,
beingherophine,1606,100,NONE,AGREEMENT,OBJECTIVE,NONIRONIC,
yuri_limao,140,100,NONE,AGREEMENT,OBJECTIVE,NONIRONIC,
DatArsenal,1008,100,NONE,AGREEMENT,OBJECTIVE,NONIRONIC,
FrankieTease,2492,100,N,AGREEMENT,OBJECTIVE,NONIRONIC,
berkantcansiz,51,100,NONE,AGREEMENT,OBJECTIVE,NONIRONIC,
gnglia,392,100,N,AGREEMENT,SUBJECTIVE,NONIRONIC,
groovyjeanie,419,100,P,AGREEMENT,SUBJECTIVE,NONIRONIC,
Kierraaaaaaa_,3263,100,P,AGREEMENT,OBJECTIVE,NONIRONIC,
adampaters0n,74,86,N,DISAGREEMENT,SUBJECTIVE,NONIRONIC,
spurquick,147,86,N,DISAGREEMENT,SUBJECTIVE,NONIRONIC,
ComitatusPosse,8,94,N,DISAGREEMENT,SUBJECTIVE,NONIRONIC,
thinkmariya,28297,94,P,DISAGREEMENT,OBJECTIVE,NONIRONIC,
appliedAIbook,1083,94,P,DISAGREEMENT,OBJECTIVE,NONIRONIC,
AIforGrowth,4,94,P,DISAGREEMENT,OBJECTIVE,NONIRONIC,
metamavenai,149,94,P,DISAGREEMENT,OBJECTIVE,NONIRONIC,
kindred1999,112,100,NONE,AGREEMENT,OBJECTIVE,NONIRONIC,
MixMxOficial,86679,100,N+,AGREEMENT,OBJECTIVE,NONIRONIC,
ComitatusPosse,8,94,N,DISAGREEMENT,SUBJECTIVE,NONIRONIC,
dcpolitiken,40,100,P,AGREEMENT,SUBJECTIVE,NONIRONIC,
MsNikonGurl,11,100,P,AGREEMENT,SUBJECTIVE,NONIRONIC,
IGN,7123989,100,N,AGREEMENT,SUBJECTIVE,NONIRONIC,
alt953,1139,100,NONE,AGREEMENT,OBJECTIVE,NONIRONIC,
stephenkarmich1,0,100,N,AGREEMENT,OBJECTIVE,NONIRONIC,
Amodan_com,42,100,P,AGREEMENT,OBJECTIVE,NONIRONIC,
allycoalition,11034,100,NONE,AGREEMENT,OBJECTIVE,NONIRONIC,
cmarfizo,442,94,P,DISAGREEMENT,OBJECTIVE,NONIRONIC,
KatStilesAuthor,26075,100,N+,AGREEMENT,OBJECTIVE,NONIRONIC,
marietih1,4,100,P,AGREEMENT,OBJECTIVE,NONIRONIC,
m_tsmateus,497,100,NONE,AGREEMENT,OBJECTIVE,NONIRONIC,
nottheribbons,1133,100,NONE,AGREEMENT,OBJECTIVE,NONIRONIC,
HollowChemist,25,94,NEU,DISAGREEMENT,OBJECTIVE,NONIRONIC,
ComitatusPosse,8,94,N,DISAGREEMENT,SUBJECTIVE,NONIRONIC,
SF95X,626,100,NONE,AGREEMENT,OBJECTIVE,NONIRONIC,
Knowlie78,72,100,P,AGREEMENT,SUBJECTIVE,NONIRONIC,
Fredzilla6,46,100,P+,AGREEMENT,OBJECTIVE,NONIRONIC,
ComitatusPosse,8,94,N,DISAGREEMENT,SUBJECTIVE,NONIRONIC,
WillowCourtApts,5,94,NEU,DISAGREEMENT,SUBJECTIVE,NONIRONIC,
RomanoEtrusci,840,100,N,AGREEMENT,OBJECTIVE,NONIRONIC,
QueenAnnaMich,11410,100,N,AGREEMENT,SUBJECTIVE,NONIRONIC,
alexisssdajanee,1267,100,NONE,AGREEMENT,OBJECTIVE,NONIRONIC,
jax2jay,111,100,NONE,AGREEMENT,OBJECTIVE,NONIRONIC,
Stocks_ai,10,100,NONE,AGREEMENT,OBJECTIVE,NONIRONIC,
smarginatura,620,100,P,AGREEMENT,SUBJECTIVE,NONIRONIC,
glads1951,188,86,P,DISAGREEMENT,SUBJECTIVE,NONIRONIC,
ComitatusPosse,8,94,N,DISAGREEMENT,SUBJECTIVE,NONIRONIC,
urfavzozo,1256,100,P+,AGREEMENT,SUBJECTIVE,NONIRONIC,
MurphuMurphy,60,100,NONE,AGREEMENT,OBJECTIVE,NONIRONIC,
Lofi_Thriller,23,100,NONE,AGREEMENT,OBJECTIVE,NONIRONIC,
wintervirus,529,100,P,AGREEMENT,SUBJECTIVE,NONIRONIC,
joshlerfeet,513,100,NONE,AGREEMENT,OBJECTIVE,NONIRONIC,
phzinhocs,1,100,NONE,AGREEMENT,OBJECTIVE,NONIRONIC,
Peacockg,701,100,P,AGREEMENT,SUBJECTIVE,NONIRONIC,
WirthwhileTV,3244,100,P,AGREEMENT,SUBJECTIVE,NONIRONIC,
bilge1979,687,100,N+,AGREEMENT,SUBJECTIVE,NONIRONIC,
greatestmian,140,92,P+,AGREEMENT,SUBJECTIVE,NONIRONIC,
0illusionSF,60,100,P+,AGREEMENT,OBJECTIVE,NONIRONIC,
kidehen,5548,92,N,AGREEMENT,OBJECTIVE,NONIRONIC,
obi_hugo,1500,100,P,AGREEMENT,OBJECTIVE,NONIRONIC,
TheCata97321821,1,94,NEU,DISAGREEMENT,SUBJECTIVE,NONIRONIC,
cvltists,65,100,P,AGREEMENT,SUBJECTIVE,NONIRONIC,
All4Spite,449,92,P+,AGREEMENT,SUBJECTIVE,NONIRONIC,
sofiahamad2,546,94,NEU,DISAGREEMENT,SUBJECTIVE,NONIRONIC,
ComitatusPosse,8,94,N,DISAGREEMENT,SUBJECTIVE,NONIRONIC,
KekeTheGoddis,20,100,NONE,AGREEMENT,OBJECTIVE,NONIRONIC,
SirTimmy_,3528,100,N+,AGREEMENT,OBJECTIVE,NONIRONIC,
NewOnNetflixANZ,655,100,NONE,AGREEMENT,OBJECTIVE,NONIRONIC,
PorterShelmo,2,100,N,AGREEMENT,OBJECTIVE,NONIRONIC,
MacLeTiss,186,92,N,DISAGREEMENT,SUBJECTIVE,NONIRONIC,
goldgrovered,116,100,NONE,AGREEMENT,OBJECTIVE,NONIRONIC,
LordPato,205,100,P,AGREEMENT,SUBJECTIVE,NONIRONIC,
MonclareTheDivo,1352,100,NONE,AGREEMENT,OBJECTIVE,NONIRONIC,
chrisfresco6,888,100,N,AGREEMENT,OBJECTIVE,NONIRONIC,
realgamecreeper,169,100,N,AGREEMENT,SUBJECTIVE,NONIRONIC,
ComitatusPosse,8,94,N,DISAGREEMENT,SUBJECTIVE,NONIRONIC,
AleshiaNicole,904,100,P+,AGREEMENT,OBJECTIVE,NONIRONIC,
davidschoemake2,47,100,P,AGREEMENT,SUBJECTIVE,NONIRONIC,
MsNikonGurl,11,100,P,AGREEMENT,SUBJECTIVE,NONIRONIC,
NewsHour,1015993,100,NONE,AGREEMENT,OBJECTIVE,NONIRONIC,
ComitatusPosse,8,94,N,DISAGREEMENT,SUBJECTIVE,NONIRONIC,
katseyes45,7746,100,P,AGREEMENT,OBJECTIVE,NONIRONIC,
CJAG96,1153,100,NONE,AGREEMENT,OBJECTIVE,NONIRONIC,
leonor_arroja,88,100,NONE,AGREEMENT,OBJECTIVE,NONIRONIC,
anthonytheu,103,100,P,AGREEMENT,SUBJECTIVE,NONIRONIC,
shenialledit,641,94,NEU,DISAGREEMENT,OBJECTIVE,NONIRONIC,
nathanhwgay,352,100,NONE,AGREEMENT,OBJECTIVE,NONIRONIC,
AlwaysComputing,4134,100,P+,AGREEMENT,SUBJECTIVE,NONIRONIC,
ComitatusPosse,8,94,N,DISAGREEMENT,SUBJECTIVE,NONIRONIC,
JayBone1982,22,91,NEU,DISAGREEMENT,SUBJECTIVE,NONIRONIC,
2whoa4u,232,86,P,DISAGREEMENT,OBJECTIVE,NONIRONIC,
1MansMind,163,100,P,AGREEMENT,OBJECTIVE,NONIRONIC,
frijolesdfiesta,3,100,NONE,AGREEMENT,OBJECTIVE,NONIRONIC,
william_perrott,197,100,N+,AGREEMENT,SUBJECTIVE,NONIRONIC,
WarnekeReading,7929,100,P,AGREEMENT,SUBJECTIVE,NONIRONIC,
beeso,1475,94,NEU,DISAGREEMENT,OBJECTIVE,NONIRONIC,
WhitneyWeltz,313,94,N,DISAGREEMENT,SUBJECTIVE,NONIRONIC,
ItsMoo8,46,100,N+,AGREEMENT,SUBJECTIVE,NONIRONIC,
ClaireKellaghan,20,100,NONE,AGREEMENT,OBJECTIVE,NONIRONIC,
StahlDanyelle,11,100,N+,AGREEMENT,SUBJECTIVE,NONIRONIC,
TechEdgeTrades,32,92,P,AGREEMENT,SUBJECTIVE,NONIRONIC,
the_real_MVBri,100,100,NONE,AGREEMENT,OBJECTIVE,NONIRONIC,
sanacardi,2762,86,P,DISAGREEMENT,SUBJECTIVE,NONIRONIC,
NationSpursXxX,0,100,NONE,AGREEMENT,OBJECTIVE,NONIRONIC,
ComitatusPosse,8,94,N,DISAGREEMENT,SUBJECTIVE,NONIRONIC,
EcomStockSpot,52,100,NONE,AGREEMENT,OBJECTIVE,NONIRONIC,
mhmd3li_,923,100,NONE,AGREEMENT,OBJECTIVE,NONIRONIC,
MissesTayTay,121,100,P,AGREEMENT,OBJECTIVE,NONIRONIC,
nonnydee,6146,100,P,AGREEMENT,SUBJECTIVE,NONIRONIC,
RLAugustesen,88,100,N+,AGREEMENT,OBJECTIVE,NONIRONIC,
spudsydawg,74,86,NEU,DISAGREEMENT,SUBJECTIVE,NONIRONIC,
WhitneyWeltz,313,94,N,DISAGREEMENT,SUBJECTIVE,NONIRONIC,
SublimeMelanin,6408,100,NONE,AGREEMENT,OBJECTIVE,NONIRONIC,
SheDoHairr,1301,92,N,DISAGREEMENT,SUBJECTIVE,NONIRONIC,
jacinta_horgan,3064,86,P,DISAGREEMENT,SUBJECTIVE,NONIRONIC,
ComitatusPosse,8,94,N,DISAGREEMENT,SUBJECTIVE,NONIRONIC,
aaliyah_monee,289,100,NONE,AGREEMENT,OBJECTIVE,NONIRONIC,
Daveyofthedead,157,100,P,AGREEMENT,SUBJECTIVE,NONIRONIC,
iiiiaraa,774,100,NONE,AGREEMENT,OBJECTIVE,NONIRONIC,
phrozenthunda,516,92,N,AGREEMENT,SUBJECTIVE,NONIRONIC,
Sano_From_SRK,1948,100,P,AGREEMENT,SUBJECTIVE,NONIRONIC,
NewOnNetflixANZ,655,100,N,AGREEMENT,OBJECTIVE,NONIRONIC,
ziphosura,219,92,N,AGREEMENT,OBJECTIVE,NONIRONIC,
BerniesBabyGirl,5941,100,NONE,AGREEMENT,OBJECTIVE,NONIRONIC,
HolleyPetrie500,101,94,P,DISAGREEMENT,SUBJECTIVE,NONIRONIC,
ransonwrites,73,100,P,AGREEMENT,SUBJECTIVE,NONIRONIC,
WorldHFnews,731,100,N,AGREEMENT,OBJECTIVE,NONIRONIC,
73orpi,38,100,NONE,AGREEMENT,OBJECTIVE,NONIRONIC,
Lucie_gssl,393,100,NONE,AGREEMENT,OBJECTIVE,NONIRONIC,
sahiibaaaa,5558,100,NONE,AGREEMENT,OBJECTIVE,NONIRONIC,
D_Rock_15,12,94,NEU,DISAGREEMENT,OBJECTIVE,NONIRONIC,
darkroom,977,100,P,AGREEMENT,SUBJECTIVE,NONIRONIC,
BombsAwayDueHic,27,84,NEU,DISAGREEMENT,SUBJECTIVE,IRONIC,
meganfry987,84,100,NONE,AGREEMENT,OBJECTIVE,NONIRONIC,
LEGOgroyper,433,100,P,AGREEMENT,SUBJECTIVE,NONIRONIC,
RoseTrefz,1179,100,P,AGREEMENT,OBJECTIVE,NONIRONIC,
pfpicardi,55003,100,NONE,AGREEMENT,OBJECTIVE,NONIRONIC,
KimberlyNuggets,439,100,NONE,AGREEMENT,OBJECTIVE,NONIRONIC,
WrittenByDJR,2729,100,P,AGREEMENT,OBJECTIVE,NONIRONIC,
MillieCordelia,977,94,NEU,DISAGREEMENT,OBJECTIVE,NONIRONIC,
MiamiNewTimes,215920,100,N,AGREEMENT,SUBJECTIVE,NONIRONIC,
Rise_Broadband,668,100,P,AGREEMENT,OBJECTIVE,NONIRONIC,
GoBackstagePass,5,100,N,AGREEMENT,OBJECTIVE,NONIRONIC,
JahIckory,198,100,NONE,AGREEMENT,OBJECTIVE,NONIRONIC,
FaradPortee,742,100,NONE,AGREEMENT,OBJECTIVE,NONIRONIC,
bessonsnirvana,2352,100,P,AGREEMENT,OBJECTIVE,NONIRONIC,
rineekk,718,94,NEU,DISAGREEMENT,OBJECTIVE,NONIRONIC,
Willie_Hutch,309,100,NONE,AGREEMENT,OBJECTIVE,NONIRONIC,
gena_frank,538,100,N,AGREEMENT,SUBJECTIVE,NONIRONIC,
XplodMusiq,2305,100,P,AGREEMENT,SUBJECTIVE,NONIRONIC,
SarcasticSoul_,798,100,N+,AGREEMENT,SUBJECTIVE,NONIRONIC,
_PapaDRE,1213,100,P,AGREEMENT,OBJECTIVE,NONIRONIC,
NationSpursXxX,0,100,NONE,AGREEMENT,OBJECTIVE,NONIRONIC,
BriannaDelmue,133,100,P,AGREEMENT,OBJECTIVE,NONIRONIC,
Buddikit,13,100,NONE,AGREEMENT,OBJECTIVE,NONIRONIC,
danelispaghetti,241,100,NONE,AGREEMENT,OBJECTIVE,NONIRONIC,
itsPudik,43,100,NONE,AGREEMENT,OBJECTIVE,NONIRONIC,
AllisonMatyus,265,100,N,AGREEMENT,OBJECTIVE,NONIRONIC,
SuperSheela,3814,100,NONE,AGREEMENT,OBJECTIVE,NONIRONIC,
a_tuts,1327,100,P,AGREEMENT,OBJECTIVE,NONIRONIC,
Luxscao,60,100,NONE,AGREEMENT,OBJECTIVE,NONIRONIC,
kadito,187,100,NONE,AGREEMENT,OBJECTIVE,NONIRONIC,
Dee_xoxo11,1486,100,P,AGREEMENT,SUBJECTIVE,NONIRONIC,
hakeemeji,2,100,P,AGREEMENT,OBJECTIVE,NONIRONIC,
Aaron_Briggs1,2439,100,NONE,AGREEMENT,OBJECTIVE,NONIRONIC,
GreatDayne215,740,100,N,AGREEMENT,OBJECTIVE,NONIRONIC,
BlackWokfie,125,94,P,DISAGREEMENT,OBJECTIVE,NONIRONIC,
Simonet48283744,29,100,NONE,AGREEMENT,OBJECTIVE,NONIRONIC,
zeldaphionas,36,100,NONE,AGREEMENT,OBJECTIVE,NONIRONIC,
tolumak2,58,100,P,AGREEMENT,OBJECTIVE,NONIRONIC,
_iASE,5,100,NONE,AGREEMENT,OBJECTIVE,NONIRONIC,
israel_Arturo2,50,100,NONE,AGREEMENT,OBJECTIVE,NONIRONIC,
Leask,2486,100,P+,AGREEMENT,SUBJECTIVE,NONIRONIC,
jeonsnat,6470,100,P,AGREEMENT,OBJECTIVE,NONIRONIC,
erroroger,207,100,NONE,AGREEMENT,OBJECTIVE,NONIRONIC,
ana_kissed,135,100,NONE,AGREEMENT,OBJECTIVE,NONIRONIC,
Freaky_Jube,899,100,NONE,AGREEMENT,OBJECTIVE,NONIRONIC,
byalexzaragoza,3621,100,N,AGREEMENT,SUBJECTIVE,NONIRONIC,
johnbartist,715,100,P,AGREEMENT,SUBJECTIVE,NONIRONIC,
regalducklin,394,92,N,AGREEMENT,SUBJECTIVE,NONIRONIC,
NewOnNetflixANZ,655,100,NONE,AGREEMENT,OBJECTIVE,NONIRONIC,
ShaneCalipari,106,100,N+,AGREEMENT,SUBJECTIVE,NONIRONIC,
charlestrotter,1634,100,P,AGREEMENT,OBJECTIVE,NONIRONIC,
lxughofhaz,1968,100,NONE,AGREEMENT,OBJECTIVE,NONIRONIC,
fairuse,691,100,NONE,AGREEMENT,OBJECTIVE,NONIRONIC,
LyndseyDanyelle,21,100,NONE,AGREEMENT,OBJECTIVE,NONIRONIC,
sazonrosa,300,100,NONE,AGREEMENT,OBJECTIVE,NONIRONIC,
rahultweeterac,3,100,NEU,AGREEMENT,OBJECTIVE,NONIRONIC,
MissesTayTay,121,94,P,DISAGREEMENT,OBJECTIVE,NONIRONIC,
ComitatusPosse,8,94,N,DISAGREEMENT,SUBJECTIVE,NONIRONIC,
satabdi_m,266,94,NEU,DISAGREEMENT,SUBJECTIVE,NONIRONIC,
RuFiOooooh,389,86,N,DISAGREEMENT,OBJECTIVE,NONIRONIC,
_MarwanF_,404,100,NONE,AGREEMENT,OBJECTIVE,NONIRONIC,
corbynshugs,1710,100,P,AGREEMENT,SUBJECTIVE,NONIRONIC,
ilan_wooserface,581,100,P+,AGREEMENT,OBJECTIVE,NONIRONIC,
JuGarJo,1398,100,NONE,AGREEMENT,OBJECTIVE,NONIRONIC,
smariedowning,2285,92,N+,DISAGREEMENT,SUBJECTIVE,NONIRONIC,
dzeerya7,344,100,NONE,AGREEMENT,OBJECTIVE,NONIRONIC,
ComitatusPosse,8,94,N,DISAGREEMENT,SUBJECTIVE,NONIRONIC,
LokiFknMulligan,78,100,N,AGREEMENT,OBJECTIVE,NONIRONIC,
stickizonline,220,100,P,AGREEMENT,SUBJECTIVE,NONIRONIC,
movietvtechgeek,136024,94,NEU,DISAGREEMENT,SUBJECTIVE,NONIRONIC,
ComitatusPosse,8,94,N,DISAGREEMENT,SUBJECTIVE,NONIRONIC,
sugabtae,275,100,P+,AGREEMENT,SUBJECTIVE,NONIRONIC,
saidby_mhairi,282,100,N+,AGREEMENT,OBJECTIVE,NONIRONIC,
p1ratenut,39,86,P,DISAGREEMENT,SUBJECTIVE,NONIRONIC,
JohnnyZcash,1514,100,NONE,AGREEMENT,OBJECTIVE,NONIRONIC,
JRButchko,55,100,NONE,AGREEMENT,OBJECTIVE,NONIRONIC,
ComitatusPosse,8,94,N,DISAGREEMENT,SUBJECTIVE,NONIRONIC,
__Mohamed_Elkon,6503,100,N+,AGREEMENT,OBJECTIVE,NONIRONIC,
Threule,88,100,NONE,AGREEMENT,OBJECTIVE,NONIRONIC,
RobCovell,735,100,NONE,AGREEMENT,OBJECTIVE,NONIRONIC,
eventhorizon451,350,100,N,AGREEMENT,SUBJECTIVE,NONIRONIC,
megbks,5914,100,P+,AGREEMENT,SUBJECTIVE,NONIRONIC,
PastorBackwoods,1096,100,NONE,AGREEMENT,OBJECTIVE,NONIRONIC,
KimSO_Amazing,1854,100,NONE,AGREEMENT,OBJECTIVE,NONIRONIC,
beyoncemotaa,225,100,N+,AGREEMENT,OBJECTIVE,NONIRONIC,
ComitatusPosse,8,94,N,DISAGREEMENT,SUBJECTIVE,NONIRONIC,
DubeMali,111,100,P,AGREEMENT,SUBJECTIVE,NONIRONIC,
BringBackTheOA,7,100,NONE,AGREEMENT,OBJECTIVE,NONIRONIC,
honeynutnadi,321,100,NONE,AGREEMENT,OBJECTIVE,NONIRONIC,
nightwalkerrx,25,100,NONE,AGREEMENT,OBJECTIVE,NONIRONIC,
gingeredawn,64,100,P+,AGREEMENT,SUBJECTIVE,NONIRONIC,
JXESAID,19282,100,NONE,AGREEMENT,OBJECTIVE,NONIRONIC,
applecranzberry,79,100,P,AGREEMENT,OBJECTIVE,NONIRONIC,
PantsGeese,2,100,P,AGREEMENT,SUBJECTIVE,NONIRONIC,
WiredDevils,3214,97,P+,AGREEMENT,SUBJECTIVE,NONIRONIC,
LilFargo10k,2045,100,P+,AGREEMENT,OBJECTIVE,NONIRONIC,
ComitatusPosse,8,94,N,DISAGREEMENT,SUBJECTIVE,NONIRONIC,
cinemilf,618,100,NONE,AGREEMENT,OBJECTIVE,NONIRONIC,
goddessofchange,472,100,NONE,AGREEMENT,OBJECTIVE,NONIRONIC,
Chardaaae_,1245,100,P,AGREEMENT,OBJECTIVE,NONIRONIC,
JXESAID,19282,100,NONE,AGREEMENT,OBJECTIVE,NONIRONIC,
An_drre_ah,561,100,NONE,AGREEMENT,OBJECTIVE,NONIRONIC,
always_ITM,4,94,N,DISAGREEMENT,SUBJECTIVE,NONIRONIC,
PaheenaXOXO,861,100,N,AGREEMENT,SUBJECTIVE,NONIRONIC,
OpenFibernet,15,100,P+,AGREEMENT,SUBJECTIVE,NONIRONIC,
floydisco,118,100,N,AGREEMENT,SUBJECTIVE,NONIRONIC,
JoshGundle,91,100,P,AGREEMENT,OBJECTIVE,NONIRONIC,
Lori28052425,63,100,P+,AGREEMENT,OBJECTIVE,NONIRONIC,
Ani12415909,0,100,P,AGREEMENT,OBJECTIVE,NONIRONIC,
jrdorkin,22602,100,P,AGREEMENT,SUBJECTIVE,NONIRONIC,
tvscreener,2534,100,P,AGREEMENT,OBJECTIVE,NONIRONIC,
Balance510,10950,100,P,AGREEMENT,SUBJECTIVE,NONIRONIC,
ComitatusPosse,8,94,N,DISAGREEMENT,SUBJECTIVE,NONIRONIC,
ddaniell_e,259,100,NONE,AGREEMENT,OBJECTIVE,NONIRONIC,
Antopulgar1,56,100,NONE,AGREEMENT,OBJECTIVE,NONIRONIC,
AthertonFiber,2,100,P+,AGREEMENT,SUBJECTIVE,NONIRONIC,
BadNewsBlue1,113,100,NONE,AGREEMENT,OBJECTIVE,NONIRONIC,
eecoming,80,100,N,AGREEMENT,SUBJECTIVE,NONIRONIC,
ComitatusPosse,8,94,N,DISAGREEMENT,SUBJECTIVE,NONIRONIC,
iCristhianGives,2428,100,NONE,AGREEMENT,OBJECTIVE,NONIRONIC,
ComitatusPosse,8,94,N,DISAGREEMENT,SUBJECTIVE,NONIRONIC,
EchotheLombax,411,98,N+,AGREEMENT,SUBJECTIVE,NONIRONIC,
NeysaMcK,184,98,P+,AGREEMENT,OBJECTIVE,NONIRONIC,
yaelia6,9,92,N,AGREEMENT,OBJECTIVE,NONIRONIC,
spacedcowboy71,524,100,NONE,AGREEMENT,OBJECTIVE,NONIRONIC,
kevando_,587,92,N,AGREEMENT,OBJECTIVE,NONIRONIC,
Runkenstein,1212,100,N+,AGREEMENT,OBJECTIVE,NONIRONIC,
FrankUgo_,2507,100,NONE,AGREEMENT,OBJECTIVE,NONIRONIC,
PaidTizzy,3143,100,NONE,AGREEMENT,OBJECTIVE,NONIRONIC,
nevbamshew,220,94,P,DISAGREEMENT,SUBJECTIVE,NONIRONIC,
dobriks420,497,100,NONE,AGREEMENT,OBJECTIVE,NONIRONIC,
JeiHenry,159,100,P,AGREEMENT,OBJECTIVE,NONIRONIC,
grandesprior,4359,100,NONE,AGREEMENT,OBJECTIVE,NONIRONIC,
dobrksires,427,100,NONE,AGREEMENT,SUBJECTIVE,NONIRONIC,
lietz_nicole,41,100,NONE,AGREEMENT,OBJECTIVE,NONIRONIC,
MikeIona,1741,100,P,AGREEMENT,OBJECTIVE,NONIRONIC,
seanijayden,50,100,NONE,AGREEMENT,OBJECTIVE,NONIRONIC,
protectdirk,180,100,P,AGREEMENT,OBJECTIVE,NONIRONIC,
salloucole,78,100,P+,AGREEMENT,SUBJECTIVE,NONIRONIC,
bafflinghemmo,1687,100,P,AGREEMENT,SUBJECTIVE,NONIRONIC,
homerprairies,793,100,N,AGREEMENT,SUBJECTIVE,NONIRONIC,
GarnicaDaisy,290,100,NONE,AGREEMENT,OBJECTIVE,NONIRONIC,
bella_babyy32,367,100,N+,AGREEMENT,SUBJECTIVE,NONIRONIC,
dobrikstark,101,100,NONE,AGREEMENT,OBJECTIVE,NONIRONIC,
K0UGAMl,73,100,N,AGREEMENT,OBJECTIVE,NONIRONIC,
MKEMovieMan,295,100,NONE,AGREEMENT,OBJECTIVE,NONIRONIC,
yoongimyrock,308,100,NONE,AGREEMENT,OBJECTIVE,NONIRONIC,
taffybell,252,98,N+,AGREEMENT,OBJECTIVE,NONIRONIC,
shoobe01,2262,98,N+,AGREEMENT,SUBJECTIVE,NONIRONIC,
ssweet_tragedy,882,100,N+,AGREEMENT,SUBJECTIVE,NONIRONIC,
shawnsdavids,9334,100,NONE,AGREEMENT,OBJECTIVE,NONIRONIC,
Joliceeeee,795,100,P,AGREEMENT,SUBJECTIVE,NONIRONIC,
parisagainx,1072,100,NONE,AGREEMENT,OBJECTIVE,NONIRONIC,
pignoIli,3387,100,NONE,AGREEMENT,OBJECTIVE,NONIRONIC,
macwake316,333,100,NONE,AGREEMENT,OBJECTIVE,NONIRONIC,
MillieCordelia,976,100,N+,AGREEMENT,OBJECTIVE,NONIRONIC,
DEVILISHLYDOLAN,827,100,NONE,AGREEMENT,OBJECTIVE,NONIRONIC,
iamdjazair,1167,100,NONE,AGREEMENT,OBJECTIVE,NONIRONIC,
nadianahdeeah,700,100,NONE,AGREEMENT,OBJECTIVE,NONIRONIC,
iBrianHamilton,1415,100,NONE,AGREEMENT,OBJECTIVE,NONIRONIC,
Jhp4042,14,100,N,AGREEMENT,OBJECTIVE,NONIRONIC,
mullingarslove,1697,100,NONE,AGREEMENT,OBJECTIVE,NONIRONIC,
CtdDennis,1228,100,P,AGREEMENT,OBJECTIVE,NONIRONIC,
enfysblessed,449,100,P,AGREEMENT,SUBJECTIVE,NONIRONIC,
clickbvits,2038,86,P,DISAGREEMENT,SUBJECTIVE,NONIRONIC,
M3gastan,9,100,P,AGREEMENT,OBJECTIVE,NONIRONIC,
yllneverbealone,2295,100,N,AGREEMENT,SUBJECTIVE,NONIRONIC,
Just_Heartless_,2327,100,NONE,AGREEMENT,OBJECTIVE,NONIRONIC,
boog3rsugar,11949,100,NONE,AGREEMENT,OBJECTIVE,NONIRONIC,
nicklin_jn,821,100,NONE,AGREEMENT,OBJECTIVE,NONIRONIC,
NJFresco,93,92,P,AGREEMENT,OBJECTIVE,NONIRONIC,
tiffadega,1106,100,NONE,AGREEMENT,OBJECTIVE,NONIRONIC,
M3gastan,9,100,P,AGREEMENT,OBJECTIVE,NONIRONIC,
18_alondra_18,1763,100,NONE,AGREEMENT,OBJECTIVE,NONIRONIC,
ComitatusPosse,8,94,N,DISAGREEMENT,SUBJECTIVE,NONIRONIC,
reasanchezz,107,100,NONE,AGREEMENT,OBJECTIVE,NONIRONIC,
BaronDestructo,20763,100,P,AGREEMENT,SUBJECTIVE,NONIRONIC,
SammieEllen97,1044,100,NONE,AGREEMENT,OBJECTIVE,NONIRONIC,
Hous_natali,107,100,NONE,AGREEMENT,OBJECTIVE,NONIRONIC,
Ariellamermaid_,1469,100,NONE,AGREEMENT,OBJECTIVE,NONIRONIC,
dreamingxofxnyc,478,100,N+,AGREEMENT,OBJECTIVE,NONIRONIC,
NadiaManzueta,99,100,P,AGREEMENT,SUBJECTIVE,NONIRONIC,
JackOrmerod_,1879,100,NONE,AGREEMENT,OBJECTIVE,NONIRONIC,
AltsVallejoV2,1392,100,NONE,AGREEMENT,OBJECTIVE,NONIRONIC,
itsjingger,1071,100,NONE,AGREEMENT,OBJECTIVE,NONIRONIC,
Mommamia13My,3361,100,N,AGREEMENT,SUBJECTIVE,NONIRONIC,
T_A_34,7,100,NONE,AGREEMENT,OBJECTIVE,NONIRONIC,
guiltyp_uknowme,60,100,NONE,AGREEMENT,OBJECTIVE,NONIRONIC,
xparislashay,744,100,NONE,AGREEMENT,OBJECTIVE,NONIRONIC,
Devon_somes,11,100,P,AGREEMENT,SUBJECTIVE,NONIRONIC,
getcarrielove,160,100,P,AGREEMENT,SUBJECTIVE,NONIRONIC,
BudHeckman,1799,100,P,AGREEMENT,SUBJECTIVE,NONIRONIC,
amxldn,817,100,NONE,AGREEMENT,OBJECTIVE,NONIRONIC,
ChrisDamor,139,100,N,AGREEMENT,SUBJECTIVE,NONIRONIC,
juicyjonjames,3,100,N,AGREEMENT,OBJECTIVE,NONIRONIC,
needyvlogs,1145,100,NONE,AGREEMENT,OBJECTIVE,NONIRONIC,
holanurin,38,100,NONE,AGREEMENT,OBJECTIVE,NONIRONIC,
manubitencourt_,717,100,NONE,AGREEMENT,OBJECTIVE,NONIRONIC,
getcarrielove,160,100,P+,AGREEMENT,OBJECTIVE,NONIRONIC,
shawnsdavids,9334,100,NONE,AGREEMENT,OBJECTIVE,NONIRONIC,
NChammakhi,103,100,N,AGREEMENT,OBJECTIVE,NONIRONIC,
ninjasdesbois,1884,100,NONE,AGREEMENT,OBJECTIVE,NONIRONIC,
PrinceNaj3,6,100,NONE,AGREEMENT,OBJECTIVE,NONIRONIC,
ssweet_tragedy,882,94,P,DISAGREEMENT,SUBJECTIVE,NONIRONIC,
evtgoes,121,100,N,AGREEMENT,OBJECTIVE,NONIRONIC,
starkssblood,222,92,P+,AGREEMENT,SUBJECTIVE,NONIRONIC,
oliviarheiley,20,100,P,AGREEMENT,SUBJECTIVE,NONIRONIC,
dahlia_abishai,56,100,NONE,AGREEMENT,OBJECTIVE,NONIRONIC,
sophiastargirl,202,100,N+,AGREEMENT,SUBJECTIVE,NONIRONIC,
danielolleCTO,485,100,P,AGREEMENT,SUBJECTIVE,NONIRONIC,
rmcards4u,77,94,N,DISAGREEMENT,SUBJECTIVE,NONIRONIC,
OliverBM6,0,100,NONE,AGREEMENT,OBJECTIVE,NONIRONIC,
daniellewyattt,338,100,NONE,AGREEMENT,OBJECTIVE,NONIRONIC,
lestatxs,506,92,N+,AGREEMENT,SUBJECTIVE,NONIRONIC,
x3bec,94,100,NONE,AGREEMENT,OBJECTIVE,NONIRONIC,
cheesesteak87,175,100,P,AGREEMENT,SUBJECTIVE,NONIRONIC,
K0UGAMl,73,100,N,AGREEMENT,OBJECTIVE,NONIRONIC,
Kayy_ZA,2447,100,P+,AGREEMENT,SUBJECTIVE,NONIRONIC,
ComitatusPosse,8,94,N,DISAGREEMENT,SUBJECTIVE,NONIRONIC,
princess_mishyy,43,100,NONE,AGREEMENT,OBJECTIVE,NONIRONIC,
SeanMcn99075899,3,100,NONE,AGREEMENT,OBJECTIVE,NONIRONIC,
TravisTurnerTO,583,100,P,AGREEMENT,OBJECTIVE,NONIRONIC,
Lexiii_1997,225,92,N,AGREEMENT,SUBJECTIVE,NONIRONIC,
frogoshii,264,92,N,DISAGREEMENT,SUBJECTIVE,NONIRONIC,
casey270,837,100,N+,AGREEMENT,SUBJECTIVE,NONIRONIC,
alyssa_skibbeee,472,100,N+,AGREEMENT,SUBJECTIVE,NONIRONIC,
aliensonIy,1308,100,N,AGREEMENT,OBJECTIVE,NONIRONIC,
ComitatusPosse,8,94,N,DISAGREEMENT,SUBJECTIVE,NONIRONIC,
sofiaspov,75,100,NONE,AGREEMENT,OBJECTIVE,NONIRONIC,
Butters360,701,100,P,AGREEMENT,SUBJECTIVE,NONIRONIC,
the_alexmchugh,577,92,P+,AGREEMENT,SUBJECTIVE,NONIRONIC,
Rosalalalina_,581,100,P,AGREEMENT,SUBJECTIVE,NONIRONIC,
AriffBobock,43,100,P,AGREEMENT,OBJECTIVE,NONIRONIC,
TheNickSalazar,609,100,NONE,AGREEMENT,OBJECTIVE,NONIRONIC,
msperez365,404,100,N+,AGREEMENT,SUBJECTIVE,NONIRONIC,
DIEmondHUNter04,104,100,P,AGREEMENT,SUBJECTIVE,NONIRONIC,
abi_bfc,1330,100,N,AGREEMENT,SUBJECTIVE,NONIRONIC,
samjaneharris,368,100,N,AGREEMENT,SUBJECTIVE,NONIRONIC,
EatGreedyFit,3637,100,NONE,AGREEMENT,SUBJECTIVE,NONIRONIC,
harrysmadre,110,100,NONE,AGREEMENT,OBJECTIVE,NONIRONIC,
kelecie,1029,100,NONE,AGREEMENT,OBJECTIVE,NONIRONIC,
thejealousone,510,100,P+,AGREEMENT,SUBJECTIVE,NONIRONIC,
asharma,7608,100,N,AGREEMENT,OBJECTIVE,NONIRONIC,
ComitatusPosse,8,100,N,AGREEMENT,OBJECTIVE,NONIRONIC,
israel_Arturo2,50,100,N,AGREEMENT,OBJECTIVE,NONIRONIC,
sunnysaverage,498,100,NONE,AGREEMENT,OBJECTIVE,NONIRONIC,
Netflixhelps,248389,94,N,DISAGREEMENT,OBJECTIVE,NONIRONIC,
amelhop50694476,1,100,NONE,AGREEMENT,OBJECTIVE,NONIRONIC,
ComitatusPosse,8,94,N,DISAGREEMENT,SUBJECTIVE,NONIRONIC,
themartincox,32434,100,NONE,AGREEMENT,OBJECTIVE,NONIRONIC,
Harrudanji,1816,100,NONE,AGREEMENT,OBJECTIVE,NONIRONIC,
kmi2ne,198,100,P+,AGREEMENT,SUBJECTIVE,NONIRONIC,
floydisco,118,92,N+,AGREEMENT,OBJECTIVE,NONIRONIC,
singularitycth,676,100,N,AGREEMENT,OBJECTIVE,NONIRONIC,
ComitatusPosse,8,94,N,DISAGREEMENT,SUBJECTIVE,NONIRONIC,
HamlineJustin,46,100,P,AGREEMENT,SUBJECTIVE,NONIRONIC,
lovely_kjjong,110,100,P,AGREEMENT,SUBJECTIVE,NONIRONIC,
Itskiersten,748,100,NONE,AGREEMENT,OBJECTIVE,NONIRONIC,
SportsDroppings,627,94,NEU,DISAGREEMENT,SUBJECTIVE,NONIRONIC,
YemidotCom,137,100,P,AGREEMENT,OBJECTIVE,NONIRONIC,
SamirLevi,708,100,NONE,AGREEMENT,OBJECTIVE,NONIRONIC,
SheilaS7777777,7,94,N,DISAGREEMENT,SUBJECTIVE,NONIRONIC,
dopamine211,72,100,P,AGREEMENT,SUBJECTIVE,NONIRONIC,
NationSpursXxX,0,100,NONE,AGREEMENT,OBJECTIVE,NONIRONIC,
Le_Basique,70,100,NONE,AGREEMENT,OBJECTIVE,NONIRONIC,
yaelia6,9,100,NONE,AGREEMENT,OBJECTIVE,NONIRONIC,
2whoa4u,232,86,N,DISAGREEMENT,OBJECTIVE,NONIRONIC,
deophage,771,100,NONE,AGREEMENT,OBJECTIVE,NONIRONIC,
hradzka,5392,100,N+,AGREEMENT,SUBJECTIVE,NONIRONIC,
ComitatusPosse,8,94,N,DISAGREEMENT,SUBJECTIVE,NONIRONIC,
nundmc,1131,100,P+,AGREEMENT,SUBJECTIVE,NONIRONIC,
phyzu,267,100,NONE,AGREEMENT,OBJECTIVE,NONIRONIC,
jackieeBaeza,1985,100,P,AGREEMENT,OBJECTIVE,NONIRONIC,
NaturalTweet2,19,100,NONE,AGREEMENT,OBJECTIVE,NONIRONIC,
miluciifx,194,100,NONE,AGREEMENT,OBJECTIVE,NONIRONIC,
hair_moments,18,100,NONE,AGREEMENT,OBJECTIVE,NONIRONIC,
Thiago40875939,5,100,P,AGREEMENT,OBJECTIVE,NONIRONIC,
JanaFuhrmann4,0,100,P+,AGREEMENT,OBJECTIVE,NONIRONIC,
lmfaoitskai,71,100,NONE,AGREEMENT,OBJECTIVE,NONIRONIC,
snookz91,194,100,N,AGREEMENT,SUBJECTIVE,NONIRONIC,
_harleycampbell,651,100,P,AGREEMENT,SUBJECTIVE,NONIRONIC,
JAEBlRD,1206,100,NONE,AGREEMENT,OBJECTIVE,NONIRONIC,
vykool,60,94,P,DISAGREEMENT,SUBJECTIVE,NONIRONIC,
AuthorCourtneyM,28,100,N,AGREEMENT,SUBJECTIVE,NONIRONIC,
Kilfarlioglu,791,100,P,AGREEMENT,SUBJECTIVE,NONIRONIC,
TYTHOMDAGAWD,1325,100,P,AGREEMENT,SUBJECTIVE,NONIRONIC,
bad_dominicana,44198,86,NEU,DISAGREEMENT,SUBJECTIVE,NONIRONIC,
Runn1ngMach1ne,379,100,N,AGREEMENT,OBJECTIVE,NONIRONIC,
TheNhouDuk,131,100,NONE,AGREEMENT,OBJECTIVE,NONIRONIC,
wannacarat__,365,100,NONE,AGREEMENT,OBJECTIVE,NONIRONIC,
ORMEIS_project,27,100,P,AGREEMENT,OBJECTIVE,NONIRONIC,
ampologist97,11,100,NONE,AGREEMENT,OBJECTIVE,NONIRONIC,
toxic_trinka,0,100,P+,AGREEMENT,SUBJECTIVE,NONIRONIC,
ShannonLund48,21,100,P,AGREEMENT,OBJECTIVE,NONIRONIC,
_anacorona,374,100,NONE,AGREEMENT,OBJECTIVE,NONIRONIC,
n_e_e_d_y,154,100,NONE,AGREEMENT,OBJECTIVE,NONIRONIC,
kelseyangelaj,93,100,P,AGREEMENT,OBJECTIVE,NONIRONIC,
ahoykaspbrak,2318,100,P,AGREEMENT,SUBJECTIVE,NONIRONIC,
MillieCordelia,976,100,NONE,AGREEMENT,OBJECTIVE,NONIRONIC,
SolanaRecruits,36,92,N,AGREEMENT,SUBJECTIVE,NONIRONIC,
Ik3chukwu_M,1188,100,NONE,AGREEMENT,OBJECTIVE,NONIRONIC,
alan_nafzger,499,100,NONE,AGREEMENT,OBJECTIVE,NONIRONIC,
LordKabelo,1285,100,P,AGREEMENT,OBJECTIVE,NONIRONIC,
lilkandavert,709,100,N,AGREEMENT,SUBJECTIVE,NONIRONIC,
TheCoalemus,89,94,P+,DISAGREEMENT,OBJECTIVE,NONIRONIC,
whaddupashleyy,157,100,NONE,AGREEMENT,OBJECTIVE,NONIRONIC,
UrbanPhilosoph3,0,94,NEU,DISAGREEMENT,SUBJECTIVE,NONIRONIC,
ezekiel23twenty,28,100,P,AGREEMENT,SUBJECTIVE,NONIRONIC,
WarriorGrampa,1,100,P+,AGREEMENT,SUBJECTIVE,NONIRONIC,
kwakutantuo,2824,100,NONE,AGREEMENT,OBJECTIVE,NONIRONIC,
BrianSoJuicy,580,100,NONE,AGREEMENT,OBJECTIVE,NONIRONIC,
MrJay152,554,100,NONE,AGREEMENT,OBJECTIVE,NONIRONIC,
PunkMaster9,2,94,NEU,DISAGREEMENT,SUBJECTIVE,NONIRONIC,
TwoPoundPunt,36085,100,NONE,AGREEMENT,OBJECTIVE,NONIRONIC,
PhilCoulson102,2305,100,N,AGREEMENT,OBJECTIVE,NONIRONIC,
winterfvll,1984,100,N,AGREEMENT,OBJECTIVE,NONIRONIC,
skralra,4897,100,NONE,AGREEMENT,OBJECTIVE,NONIRONIC,
ColeyyyColeee,461,92,P+,AGREEMENT,SUBJECTIVE,NONIRONIC,
DesignClw,1487,100,NONE,AGREEMENT,OBJECTIVE,NONIRONIC,
Kayla_Avery1,50,100,NONE,AGREEMENT,OBJECTIVE,NONIRONIC,
ezekiel23twenty,28,100,P,AGREEMENT,SUBJECTIVE,NONIRONIC,
gittycity,609,92,P,AGREEMENT,OBJECTIVE,NONIRONIC,
DanysMhysa,820,82,P+,AGREEMENT,SUBJECTIVE,IRONIC,
JamesRRubec,1894,100,P,AGREEMENT,OBJECTIVE,NONIRONIC,
TheBakingBitchh,247,100,P,AGREEMENT,SUBJECTIVE,NONIRONIC,
mcubellark,1423,100,N+,AGREEMENT,SUBJECTIVE,NONIRONIC,
realizesina,0,100,NONE,AGREEMENT,OBJECTIVE,NONIRONIC,
tiaa_nae,867,100,P,AGREEMENT,SUBJECTIVE,NONIRONIC,
WaydeR,304,100,N,AGREEMENT,OBJECTIVE,NONIRONIC,
MissNanyanzi,101,100,N+,AGREEMENT,OBJECTIVE,NONIRONIC,
SunnyyTsunamii,1927,100,P,AGREEMENT,SUBJECTIVE,NONIRONIC,
PabloCorbyn,1188,100,P,AGREEMENT,OBJECTIVE,NONIRONIC,
nehajay_,1752,100,N,AGREEMENT,OBJECTIVE,NONIRONIC,
Alxclm_,268,100,NONE,AGREEMENT,OBJECTIVE,NONIRONIC,
BIGBOX_LDN,1804,100,P,AGREEMENT,OBJECTIVE,NONIRONIC,
Rosemarytejedaa,46,100,NONE,AGREEMENT,OBJECTIVE,NONIRONIC,
TalkingMovies3,267,94,NEU,DISAGREEMENT,SUBJECTIVE,NONIRONIC,
angela_navor,80,100,N,AGREEMENT,SUBJECTIVE,NONIRONIC,
cocotacinderela,85,100,N+,AGREEMENT,OBJECTIVE,NONIRONIC,
retweetmy2cents,6602,98,P+,AGREEMENT,OBJECTIVE,NONIRONIC,
maisiesobey,246,94,N,DISAGREEMENT,SUBJECTIVE,NONIRONIC,
Katz3nbarZeit,317,100,P,AGREEMENT,OBJECTIVE,NONIRONIC,
saoirselardner,155,94,N+,DISAGREEMENT,SUBJECTIVE,NONIRONIC,
EldestDamon,7017,86,NEU,DISAGREEMENT,SUBJECTIVE,NONIRONIC,
Tlotliso_jer,41,98,P+,AGREEMENT,OBJECTIVE,NONIRONIC,
James__McAteer,15,100,NONE,AGREEMENT,OBJECTIVE,NONIRONIC,
SandersDiva,1,94,N,DISAGREEMENT,OBJECTIVE,NONIRONIC,
ComitatusPosse,8,94,N,DISAGREEMENT,SUBJECTIVE,NONIRONIC,
thedanidoodles,552,100,P,AGREEMENT,SUBJECTIVE,NONIRONIC,
dselwyns,753,100,NONE,AGREEMENT,OBJECTIVE,NONIRONIC,
Vict0rMeldrew,528,100,NONE,AGREEMENT,OBJECTIVE,NONIRONIC,
cozyruins,168,100,P,AGREEMENT,SUBJECTIVE,NONIRONIC,
BallHardDave,6261,100,P,AGREEMENT,SUBJECTIVE,NONIRONIC,
BroadSwoard,493,92,P,AGREEMENT,OBJECTIVE,NONIRONIC,
marshallrobby,225,100,NONE,AGREEMENT,OBJECTIVE,NONIRONIC,
tlkfsthood,2235,100,N,AGREEMENT,OBJECTIVE,NONIRONIC,
AndKrew_,1635,100,NONE,AGREEMENT,OBJECTIVE,NONIRONIC,
yoongizwife,115,100,N,AGREEMENT,SUBJECTIVE,NONIRONIC,
KnoMoor,1306,100,NONE,AGREEMENT,OBJECTIVE,NONIRONIC,
V2REJ,894,100,N,AGREEMENT,SUBJECTIVE,NONIRONIC,
_msjarreau,795,90,P+,AGREEMENT,SUBJECTIVE,IRONIC,
_mariiaax,87,100,NONE,AGREEMENT,OBJECTIVE,NONIRONIC,
GreatBookStudy,106,98,P+,AGREEMENT,OBJECTIVE,NONIRONIC,
Wyatt1116,1255,100,P,AGREEMENT,OBJECTIVE,NONIRONIC,
j_98ab,0,100,NONE,AGREEMENT,OBJECTIVE,NONIRONIC,
Wyatt1116,1255,94,N,DISAGREEMENT,SUBJECTIVE,NONIRONIC,
Amodan_com,42,100,NONE,AGREEMENT,OBJECTIVE,NONIRONIC,
_ooS9,35,100,NONE,AGREEMENT,OBJECTIVE,NONIRONIC,
guavajuyce,331,100,NONE,AGREEMENT,OBJECTIVE,NONIRONIC,
theginag_,760,100,P,AGREEMENT,SUBJECTIVE,NONIRONIC,
maripoza67,198,100,N,AGREEMENT,OBJECTIVE,NONIRONIC,
Elijah_GCohen,852,92,N+,AGREEMENT,SUBJECTIVE,NONIRONIC,
BloggedByRain,7730,97,P,AGREEMENT,OBJECTIVE,NONIRONIC,
McBlaithin,139,100,P,AGREEMENT,SUBJECTIVE,NONIRONIC,
Prudy_L_,455,100,NONE,AGREEMENT,OBJECTIVE,NONIRONIC,
Becoming_Bryna,2785,100,P,AGREEMENT,OBJECTIVE,NONIRONIC,
daryltillman,857,100,NONE,AGREEMENT,OBJECTIVE,NONIRONIC,
S_MTCH,1110,100,P,AGREEMENT,OBJECTIVE,NONIRONIC,
lacrazymom,92,100,NONE,AGREEMENT,OBJECTIVE,NONIRONIC,
vinodkapri,80982,100,P,AGREEMENT,SUBJECTIVE,NONIRONIC,
daviankrystal,214,100,NONE,AGREEMENT,OBJECTIVE,NONIRONIC,
mehuls,158,100,P+,AGREEMENT,OBJECTIVE,NONIRONIC,
beatnixxx,99,92,P,AGREEMENT,OBJECTIVE,NONIRONIC,
StuffFromSam,1607,86,P,DISAGREEMENT,OBJECTIVE,NONIRONIC,
dom_lefebvre,741,100,NONE,AGREEMENT,OBJECTIVE,NONIRONIC,
katherineteix,241,100,NONE,AGREEMENT,OBJECTIVE,NONIRONIC,
OsmanRdz,239,100,NONE,AGREEMENT,OBJECTIVE,NONIRONIC,
ShannonLund48,21,100,P,AGREEMENT,SUBJECTIVE,NONIRONIC,
allinthepass,1741,94,N,DISAGREEMENT,SUBJECTIVE,NONIRONIC,
rrofb,296,100,N+,AGREEMENT,SUBJECTIVE,NONIRONIC,
silvaaa_22,643,100,NONE,AGREEMENT,OBJECTIVE,NONIRONIC,
Kneon,5007,100,NONE,AGREEMENT,OBJECTIVE,NONIRONIC,
BonMotVivant,2592,100,NONE,AGREEMENT,OBJECTIVE,NONIRONIC,
Truly_Jas,988,100,P,AGREEMENT,SUBJECTIVE,NONIRONIC,
gbelfiore626,87,100,N+,AGREEMENT,OBJECTIVE,NONIRONIC,
sbamueller,1045,98,P+,AGREEMENT,OBJECTIVE,NONIRONIC,
ZeldaKrup1,430,100,P,AGREEMENT,SUBJECTIVE,NONIRONIC,
JohnDWalke,5327,92,P,AGREEMENT,OBJECTIVE,NONIRONIC,
Lana__Michelle,1463,98,P+,AGREEMENT,SUBJECTIVE,NONIRONIC,
JJMeath2377,353,100,N,AGREEMENT,OBJECTIVE,NONIRONIC,
FranCampbell18,1242,100,P,AGREEMENT,OBJECTIVE,NONIRONIC,
manongtt,2073,100,NONE,AGREEMENT,OBJECTIVE,NONIRONIC,
badtimemendes,6112,100,NONE,AGREEMENT,OBJECTIVE,NONIRONIC,
raspberrypjm,195,100,P,AGREEMENT,SUBJECTIVE,NONIRONIC,
editorchandler,243,100,NONE,AGREEMENT,OBJECTIVE,NONIRONIC,
Alexarenee1,15142,100,NONE,AGREEMENT,SUBJECTIVE,NONIRONIC,
gah_severus,149,100,N+,AGREEMENT,OBJECTIVE,NONIRONIC,
LbgLuca,0,91,P,DISAGREEMENT,SUBJECTIVE,NONIRONIC,
rebekahbxxo,293,100,N,AGREEMENT,OBJECTIVE,NONIRONIC,
vho_Rodney,733,100,NONE,AGREEMENT,OBJECTIVE,NONIRONIC,
NatalyaLaMexi,607,94,NEU,DISAGREEMENT,SUBJECTIVE,NONIRONIC,
ComitatusPosse,8,94,N,DISAGREEMENT,SUBJECTIVE,NONIRONIC,
MarkPoppen,1280,100,NONE,AGREEMENT,OBJECTIVE,NONIRONIC,
ART4OA,10,100,P,AGREEMENT,OBJECTIVE,NONIRONIC,
sdotbeIIa,893,86,N,DISAGREEMENT,SUBJECTIVE,NONIRONIC,
SmoggyDarnSarf,638,100,P,AGREEMENT,OBJECTIVE,NONIRONIC,
OKTXTeacher1,219,100,P,AGREEMENT,SUBJECTIVE,NONIRONIC,
LondonGirlGang,64,92,N,DISAGREEMENT,SUBJECTIVE,NONIRONIC,
ComitatusPosse,8,94,N,DISAGREEMENT,SUBJECTIVE,NONIRONIC,
SNOBHOPMEDIA,27,100,P,AGREEMENT,OBJECTIVE,NONIRONIC,
GodzillaIsland,1585,100,NONE,AGREEMENT,OBJECTIVE,NONIRONIC,
katespencee,451,100,NONE,AGREEMENT,OBJECTIVE,NONIRONIC,
netflixnbot,5,100,NONE,AGREEMENT,OBJECTIVE,NONIRONIC,
bbttychmbrs1,1524,100,P,AGREEMENT,SUBJECTIVE,NONIRONIC,
churchmadefilms,272,100,NONE,AGREEMENT,OBJECTIVE,NONIRONIC,
HolleyPetrie500,101,100,NONE,AGREEMENT,OBJECTIVE,NONIRONIC,
CatariningApril,88,100,NONE,AGREEMENT,OBJECTIVE,NONIRONIC,
mar_hndrx,333,100,NONE,AGREEMENT,OBJECTIVE,NONIRONIC,
Hoi_Pollois,3358,100,P,AGREEMENT,OBJECTIVE,NONIRONIC,
areliarocky,193,100,N,AGREEMENT,OBJECTIVE,NONIRONIC,
Janey_Tate,1084,97,P,AGREEMENT,OBJECTIVE,NONIRONIC,
tiktoksteampunk,10,100,P,AGREEMENT,SUBJECTIVE,NONIRONIC,
IacopoCampo,124,100,N,AGREEMENT,SUBJECTIVE,NONIRONIC,
LewdCookies,290,100,NONE,AGREEMENT,OBJECTIVE,NONIRONIC,
AgurlulikeArt,64,100,P,AGREEMENT,OBJECTIVE,NONIRONIC,
ItsameWario48,708,100,P,AGREEMENT,SUBJECTIVE,NONIRONIC,
yaelia6,9,86,N,DISAGREEMENT,OBJECTIVE,NONIRONIC,
VFXSociety,44995,100,P,AGREEMENT,OBJECTIVE,NONIRONIC,
juliagriiff,282,100,N+,AGREEMENT,SUBJECTIVE,NONIRONIC,
marijuaxa,292,100,P,AGREEMENT,OBJECTIVE,NONIRONIC,
AmyFugazi,3,100,N,AGREEMENT,OBJECTIVE,NONIRONIC,
realdevinem,28,100,NONE,AGREEMENT,OBJECTIVE,NONIRONIC,
JoeMcEllin,421,100,P,AGREEMENT,SUBJECTIVE,NONIRONIC,
wendywales,80,100,NONE,AGREEMENT,OBJECTIVE,NONIRONIC,
MillieCordelia,977,100,P,AGREEMENT,OBJECTIVE,NONIRONIC,
ThePetalPusha,1202,100,N+,AGREEMENT,SUBJECTIVE,NONIRONIC,
Iam_jwxxiii,176,100,P,AGREEMENT,OBJECTIVE,NONIRONIC,
ykgnikaaa,427,100,N,AGREEMENT,SUBJECTIVE,NONIRONIC,
YoungSamaSensei,583,94,N,DISAGREEMENT,SUBJECTIVE,NONIRONIC,
